{
   "banner":{
      "builder":true,
      "no_selection":true,
      "name":"Banner",
      "element":{
         "image":"image",
         "image_property":{
            "size":"1920x1280"
         },
         "heading":"text",
         "subheading":"text",
         "button_1":"text",
         "button_1_url":"text",
         "button_2":"text",
         "button_2_url":"text",
         "modal":true
      }
   },
   "about":{
      "builder":true,
      "name":"About Us",
      "content":{
         "image":"image",
         "image_property":{
            "size":"590x483"
         },
         "heading":"text",
         "description":"textarea-nic",
         "video_url":"text",
         "video_button_icon":"icon"
      },
      "element":{
      	"info":"text",
      	"modal":true
      }
   },
   "features":{
      "builder":true,
      "name":"Features",
      "content":{
         "heading":"text",
         "subheading":"text"
      },
      "element":{
      	"icon":"icon",
      	"title":"text",
      	"content":"textarea",
      	"modal":true
      }
   },
   "plan":{
      "builder":true,
      "name":"Plan",
      "content":{
         "heading":"text",
         "subheading":"text"
      }
   },
   "counter":{
      "builder":true,
      "name":"Counter",
      "content":{
         "image":"image",
         "image_property":{
            "size":"1280x912"
         },
         "heading":"text",
         "sub_heading":"text"
      },
      "element":{
      	"icon":"icon",
      	"title":"text",
      	"number":"text",
      	"modal":true
      }
   },
   "testimonial":{
      "builder":true,
      "name":"Testimonial",
      "content":{
         "heading":"text",
         "subheading":"text"
      },
      "element":{
         "image":"image",
         "image_property":{
            "size":"200x200"
         },
         "name":"text",
         "designation":"text",
         "comment":"textarea",
         "modal":true
      }
   },
   "faq":{
      "builder":true,
      "name":"FAQ",
      "content":{
         "heading":"text",
         "subheading":"text"
      },
      "element":{
         "question":"text",
         "answer":"textarea",
         "modal":true
      }
   },
   "blog":{
      "builder":true,
      "name":"Blog",
      "content":{
         "heading":"text",
         "subheading":"text"
      },
      "element":{
         "image":"image",
         "image_property":{
            "size":"755x400",
            "thumb":"360x240"
         },
         "title":"text",
         "preview":"textarea",
         "description":"textarea-nic",
         "modal":false
      }
   },
   "contact":{
      "builder":true,
      "no_selection":true,
      "name":"Contact",
      "content":{
         "heading":"text",
         "subheading":"text"
      },
      "element":{
         "icon":"icon",
         "title":"text",
         "content":"text",
         "modal":true
      }
   },
   "breadcrumb":{
      "builder":true,
      "no_selection":true,
      "name":"Breadcrumb",
      "content":{
         "image":"image",
         "image_property":{
            "size":"1920x1280"
         }
      }
   },
   "login":{
      "builder":true,
      "no_selection":true,
      "name":"Login",
      "content":{
         "heading":"text",
         "subheading":"text"
      }
   },
   "register":{
      "builder":true,
      "no_selection":true,
      "name":"Register",
      "content":{
         "heading":"text",
         "subheading":"text"
      }
   },
   "footer_link":{
      "builder":true,
      "no_selection":true,
      "name":"Footer Link",
      "element":{
         "title":"text",
         "content":"textarea-nic",
         "modal":false
      }
   },
   "copyright":{
      "builder":true,
      "no_selection":true,
      "name":"Copyright",
      "content":{
         "copyright":"text"
      }
   }
}